{"cameraMode":{"drawMode":0,"name":"Shaded","section":"Shading Mode"},"sceneLighting":true,"audioPlay":false,"sceneViewState":{"m_AlwaysRefresh":false,"showFog":false,"showSkybox":true,"showFlares":true,"showImageEffects":true,"showParticleSystems":true,"showVisualEffectGraphs":true,"m_FxEnabled":true},"in2DMode":false,"pivot":{"x":3.4462335109710695,"y":33.23822784423828,"z":-37.633338928222659},"rotation":{"x":-0.00007166594150476158,"y":0.8218042850494385,"z":-0.569871723651886,"w":-0.0003561284684110433},"size":5.817586421966553,"orthographic":false}