{"cameraMode":{"drawMode":0,"name":"Shaded","section":"Shading Mode"},"sceneLighting":true,"audioPlay":false,"sceneViewState":{"m_AlwaysRefresh":false,"showFog":false,"showSkybox":true,"showFlares":true,"showImageEffects":true,"showParticleSystems":true,"showVisualEffectGraphs":true,"m_FxEnabled":true},"in2DMode":false,"pivot":{"x":16.376819610595704,"y":2.8906285762786867,"z":-7.465028762817383},"rotation":{"x":-0.4996515214443207,"y":0.031548719853162768,"z":-0.017788318917155267,"w":-0.8655935525894165},"size":1.1175780296325684,"orthographic":false}