{"cameraMode":{"drawMode":0,"name":"Shaded","section":"Shading Mode"},"sceneLighting":true,"audioPlay":false,"sceneViewState":{"m_AlwaysRefresh":false,"showFog":false,"showSkybox":true,"showFlares":true,"showImageEffects":true,"showParticleSystems":true,"showVisualEffectGraphs":true,"m_FxEnabled":true},"in2DMode":false,"pivot":{"x":24.042490005493165,"y":-0.4712933599948883,"z":7.919060230255127},"rotation":{"x":-0.001630004495382309,"y":-0.9984119534492493,"z":0.035354819148778918,"w":-0.04552378132939339},"size":8.941353797912598,"orthographic":false}