{"cameraMode":{"drawMode":0,"name":"Shaded","section":"Shading Mode"},"sceneLighting":true,"audioPlay":false,"sceneViewState":{"m_AlwaysRefresh":false,"showFog":false,"showSkybox":true,"showFlares":true,"showImageEffects":true,"showParticleSystems":true,"showVisualEffectGraphs":true,"m_FxEnabled":true},"in2DMode":false,"pivot":{"x":-0.6181467175483704,"y":0.5238024592399597,"z":0.1684579849243164},"rotation":{"x":0.006588454823940992,"y":-0.9928106665611267,"z":0.1010165587067604,"w":0.06506052613258362},"size":2.1635000705718996,"orthographic":false}