{"cameraMode":{"drawMode":0,"name":"Shaded","section":"Shading Mode"},"sceneLighting":true,"audioPlay":false,"sceneViewState":{"m_AlwaysRefresh":false,"showFog":false,"showSkybox":true,"showFlares":true,"showImageEffects":true,"showParticleSystems":true,"showVisualEffectGraphs":true,"m_FxEnabled":true},"in2DMode":false,"pivot":{"x":19.335369110107423,"y":19.247133255004884,"z":-18.410701751708986},"rotation":{"x":-0.14694218337535859,"y":0.8227186799049377,"z":-0.24645139276981355,"w":-0.4908832013607025},"size":10.36226749420166,"orthographic":false}